,id,region_code,publish_date,channel_id,title,description,channel_name,category_id,duration,caption,views,likes,comment_count,next_page_token
0,SD2UiX1jpd8,US,2025-02-22T16:00:06Z,UCooVYzDxdwTtGYAkcPmOgOw,IS THIS THE BEST BRAWLER EVER?!,"IMPROVED REWARDS FOR F2P, A FULL RANKED REWORK, TWO NEW BRAWLERS, GADGET CHANGES, AND MORE!
YOUTOOZ PRE-ORDER: https://youtooz.com/collections/brawl-stars
FREE SPRAY: https://link.brawlstars.com/?action=voucher&code=974a1b0f-b2f7-45c5-978e-bdade83062a1

Download NOW!! ‚ñ∫‚ñ∫ https://supr.cl/2K62CZG
Subscribe!! ‚ñ∫‚ñ∫ https://supr.cl/subscribe
#brawlstars #brawltalk #update",Brawl Stars,20,PT10M9S,TRUE,11484206,470199,47804,CAoQAA
1,fgP_uEwLlZM,US,2025-02-23T03:19:33Z,UCcVqCJ_9owb1zM43vqswMNQ,Dave Chappelle Delivers Unforgettable Speech & Stands Strong for the People | NAACP Image Awards '25,"Dave Chappelle is recognized as one of the greatest comedians of all time. He is the 2019 recipient of the prestigious Mark Twain Prize for American Humor. Chappelle‚Äôs work has earned him more than 30 nominations and awards in television and film for projects that include his groundbreaking sketch comedy television series Chappelle‚Äôs Show, comedy specials, and guest appearances on Saturday Night Live. Chappelle has received five Emmy awards, including three for his Netflix comedy specials Sticks & Stones (2020) and Equanimity & The Bird Revelation (2018), and two for hosting Saturday Night Live (2017 and 2021). Chappelle has won six GRAMMY¬Æ Awards for Best Comedy Album, winning most recently in 2025 with The Dreamer.

SUBSCRIBE to #BET! ‚ñ∫‚ñ∫ http://bit.ly/1U0v9xG

Stream Black Culture with BET+. Kick back and enjoy movies, TV series, exclusive originals and the best of Tyler Perry. Sign up for BET+ ‚ñ∫‚ñ∫ https://www.bet.plus/?xrs=BET_organic_youtube_general_description-link_US_45497

Connect with BET 
Web: http://www.BET.com
TikTok: https://www.tiktok.com/@bet
Instagram: http://www.instagram.com/BET
Facebook: http://www.facebook.com/BET
Twitter: http://www.twitter.com/BET
Snapchat: https://snapchat.com/t/5RT6vRzw
BET+: https://www.bet.plus 
https://www.instagram.com/betplus/
https://twitter.com/betplus
https://www.facebook.com/yourbetplus/
https://www.tiktok.com/@officialbetplus
Google+: http://www.bet.us/gplusBET",BETNetworks,24,PT3M53S,TRUE,902229,25070,1792,CAoQAA
2,zOenfGWodjc,US,2025-02-23T03:19:44Z,UCcVqCJ_9owb1zM43vqswMNQ,"Damon & Marlon Wayans Share Loving, Hilarious Speech at NAACP Image Awards '25 Hall of Fame","The Wayans family has redefined comedy and entertainment for decades. Led by Keenen Ivory Wayans, creator of In Living Color, they broke barriers in film, TV, and stand-up comedy, launching the careers of stars like Jim Carrey, Jamie Foxx, and Jennifer Lopez. With a fearless approach to storytelling, Keenen and his siblings‚ÄîDamon, Marlon, Shawn, and Kim‚Äîhave created iconic works like Scary Movie, White Chicks, and The Wayans Bros. The next generation, including Damon Wayans Jr., is continuing the legacy, with Marlon starring in Respect and Air, and the family gearing up for a Scary Movie reboot in 2026.

SUBSCRIBE to #BET! ‚ñ∫‚ñ∫ http://bit.ly/1U0v9xG

Stream Black Culture with BET+. Kick back and enjoy movies, TV series, exclusive originals and the best of Tyler Perry. Sign up for BET+ ‚ñ∫‚ñ∫ https://www.bet.plus/?xrs=BET_organic_youtube_general_description-link_US_45497

Connect with BET 
Web: http://www.BET.com
TikTok: https://www.tiktok.com/@bet
Instagram: http://www.instagram.com/BET
Facebook: http://www.facebook.com/BET
Twitter: http://www.twitter.com/BET
Snapchat: https://snapchat.com/t/5RT6vRzw
BET+: https://www.bet.plus 
https://www.instagram.com/betplus/
https://twitter.com/betplus
https://www.facebook.com/yourbetplus/
https://www.tiktok.com/@officialbetplus
Google+: http://www.bet.us/gplusBET",BETNetworks,24,PT6M30S,TRUE,657114,20573,2359,CAoQAA
3,qoC_jsAIxlQ,US,2025-02-22T19:01:00Z,UCyps-v4WNjWDnYRKmZ4BUGw,I Hid In iShowSpeed's Live Stream,"I will run it back at 20M subs, SUBSCRIBE üòà

Follow me on Instagram!
INSTAGRAM ‚ñ∂Ô∏è https://urlgeni.us/instagram/jBHg

I‚Äôm hiring! Apply for jobs here https://apply.workable.com/airrack

Outtro song ‚ñ∂Ô∏è Axel Thesleff - Bad Karma
YouTube: https://bit.ly/3k6Uadj
Spotify: https://spoti.fi/3odq3TN
Instagram: https://bit.ly/3lsccaz",Airrack,24,PT13M28S,FALSE,2836979,92884,8187,CAoQAA
4,XGiv1gPrBtA,US,2025-02-22T15:00:07Z,UCKaCalz5N5ienIbfPzEbYuA,MY DAUGHTER SKIPPED SCHOOL!,"Are you Team Salish or Team Jordan? If you want BTS photos and videos nobody else gets to see, send us a message on our texting platform (it's free): https://joinsubtext.com/teamsalish. 

Thanks to Make A Wish for introducing us to sweet Brooklyn!

SUBSCRIBE:
Salish and dad: https://www.youtube.com/@jordanmatter  
Salish vlogs: https://www.youtube.com/@salishmatter

Follow us on Instagram:
Salish: https://www.instagram.com/salishmatter
Me: https://www.instagram.com/jordanmatter

Thumbnail design: @aamirdzn (twitter)

Subscribe to my Photo Challenges channel to see FATHER VS DAUGHTER: https://www.youtube.com/channel/UCvXY38EnvMGZCDBNMmbJBzQ

MERCH: https://shopjordanmatter.com/

Business Inquiries: info@jordanmatter.com

Music licensed through Artlist and Epidemic Sound

Wow, if you're still reading you are awesome! BOOOMMMM!!",Jordan Matter,24,PT27M19S,FALSE,4411575,78172,14003,CAoQAA
5,P2HzVlAwQ3g,US,2025-02-22T18:45:01Z,UCPpATKqmMV-CNRNWYaDUwiA,I Stayed in The World's Tiniest Airbnbs,"These tiny homes are crazy small! Thank you guys for watching and don't forget to LIKE the video and SUBSCRIBE!!

@brentrivera 
@pierson 
@JeremyHutchins 
@BenAzelart 
@andrewdavila6696 
@DominicBrack 
@livswearingen",Alexa Rivera,24,PT19M11S,FALSE,648441,14065,2704,CAoQAA
6,DfdvO_Vr8n0,US,2025-02-22T08:50:35Z,UC33-OkQ6VCYk8xtml8Pk4-g,"NRL Match Highlights 2025 | Broncos v Bulldogs | Pre-Season, Week 3","The Brisbane Broncos and the Canterbury-Bankstown Bulldogs face off in Week 3 of the 2025 Witzer Pre-Season Challenge

üèâ SUBSCRIBE FOR MORE NRL ACTION üèâ
https://www.youtube.com/channel/UC33-OkQ6VCYk8xtml8Pk4-g?sub_confirmation=1

üèâ Subscribe to the official NRLW Channel üèâhttps://www.youtube.com/channel/UCME0EifJ3Xm3mGmLdBz1Kyw?sub_confirmation=1

To keep up to date with all the latest NRL content head to:
NRL Watch: https://www.nrl.com/watch/
NRL Tickets: https://tickets.nrl.com/
NRL Draw: https://www.nrl.com/draw/",NRL - National Rugby League,17,PT4M50S,FALSE,156023,1448,390,CAoQAA
7,xKHViBCHdxA,US,2025-02-22T12:01:20Z,UC-NHNPxSatoFzyrrvZIBuJg,NO TIMER Fortnite XP Map to LEVEL UP in Chapter 6 Season 2!,"NO TIMER Fortnite XP Map to LEVEL UP in Chapter 6 Season 2!

First map 4279-4533-4105
Second map 5972-3296-6967


#fortnite  #chapter6 #battleroyale #howtolevelupfast #xpglitch

 My discord https://discord.gg/5hyBEAP3aw

Drop a LIKE üëç and SUBSCRIBE üî¥ if you enjoyed the video!
Remember To Click The Bell!

TAGS:
fortnite,how to level up fast in fortnite,fortnite xp glitch,xp glitch fortnite,fortnite chapter 6 xp glitch,fortnite chapter 6 xp maps,fortnite how to level up fast,fortnite xp maps,fortnite how to level up fast no glitch,fortnite how to level up faster,fortnite unlimited xp glitch,fortnite best xp glitch map,fortnite working xp glitch,fortnite how to level up battle pass fast,fortnite xp glitch no timer,fortnite xp glitch legit,fortnite season 1 xp glitch
xp glitch,
fortnite chapter 6 season 1
fortnite season 1
fortnite season 1 chapter 6
xp glitch fortnite,
xp glitch fortnite chapter6 season 1
xp glitch fortnite chapter 6 season 1 creative,
xp glitch map,
xp glitch fortnite creative
fortnite xp glitch season remix,
fortnite chapter 6,
fortnite xp glitch creative,
fortnite xp glitch map code,
fortnite xp glitch creative map code,
fortnite xp glitch chapter 6 season 1,
fortnite xp glitch afk,
fortnite xp glitch,
fortnite xp glitch just drive,
fortnite xp glitch after patch,
fortnite xp glitch accolades device,
fortnite xp glitch afk chapter 6,
fortnite xp glitch december 2024,
fortnite creative xp glitch afk,
fortnite xp glitch that actually works,
fortnite xp glitch meat and medkit,
the best fortnite xp glitch,
fortnite xp glitch battle lab,
fortnite xp glitch ban,
fortnite xp glitch baller,
fortnite xp boost glitch,
fortnite xp glitch creative bounce pad,
fortnite xp glitch creative bounce pad code,
fortnite chapter 6 xp glitch battle lab,
fortnite xp glitch red vs blue,
fortnite xp glitch creative afk,
fortnite xp glitch chapter 2 season remix,
fortnite xp glitch crash pad,
fortnite xp glitch code,
fortnite xp glitch deathrun,
fortnite xp glitch duo,
fortnite xp glitch discord,
how to do fortnite xp glitch,
fortnite glitch de xp,
fortnite xp glitch deutsch,
fortnite xp glitch deutsch chapter 6,
glitch d'xp fortnite,
glitch d'xp fortnite chapter 6 season 1,
fortnite xp glitch espa√±ol,
glitch xp fortnite en fran√ßais,
fortnite xp glitch fast,
fortnite xp glitch farm,
fortnite xp glitch fishing,
fortnite xp glitches for chapter 6 season 1
fortnite xp glitch level up fast,
fortnite free xp glitch,
fortnite free xp glitch chapter 6,
xp farm glitch fortnite creative,
fortnite xp glitch shiftless,
fortnite xp glitch fortnitetiktoks38,
fortnite xp glitch orange guy,
fortnite xp glitch shuffle gamer,
fortnite xp glitches that won't get you banned,
infinite xp glitch fortnite,
fortnite chapter chapter 6 season 1 hunters
how to get fortnite xp glitch,
glitch xp fortnite saison huit chapitre deux,
fortnite xp glitch in creative,
fortnite xp glitch island code,
fortnite xp glitch imposters,
fortnite xp glitch in chapter 6 season 1,
fortnite chapter 5 xp glitch in creative
xp glitch in fortnite
fortnite infinite xp glitch
fortnite xp glitch
fortnite xp glitch kotor
fortnite for xp glitch
infinite xp glitch fortnite
unlimited xp glitch fortnite 
fortnite xp glitch kreativ deutsch
fortnite xp glitch live
fortnite xp glitch level 100
fortnite how to do bot lobbies
fortnite bot lobbies
how to get bot lobbies in fortnite
fortnite bot lobby
fortnite battlepass
fortnite chapter 5
fortnite season remix
fortnite underground
fortnite the big bang
fortnite cyber truck
fortnite xp cyber truck
fortnite how to unlock cyber truck
fortnite free cyber truck

TAGS:
fortnite,how to level up fast in fortnite,fortnite xp glitch,xp glitch fortnite,fortnite chapter 5 xp maps,fortnite how to level up fast,fortnite how to level up fast no glitch,fortnite how to level up faster,fortnite unlimited xp glitch,fortnite best xp glitch map,fortnite working xp glitch,fortnite how to level up battle pass fast,fortnite xp glitch no timer,fortnite chapter 6 xp glitch,how to level up fast in fortnite chapter 6,fortnite chapter 6 level up fast",Rajib,22,PT1M27S,FALSE,193970,2288,1934,CAoQAA
8,TRxb1AvrwX4,US,2025-02-22T17:00:28Z,UCXMwCQVey4PhdWFJ6WhAVhA,love,"We got a little bit bored so we talked about our totally real love stories!

New Merch https://socks.store/

SUBSCRIBE 


@Joocie 
@allievtuber 
@tuxy 
@oofistooshortt 
@BlazaPlays 
@Nadweyt 


----------------------------------------------------------------
follow me or I will eat your toes

Instagram ‚Üí https://bit.ly/2MRg4WP
Twitter ‚Üí https://bit.ly/2MrebAu
Reddit ‚Üí https://bit.ly/3apoz3C
Discord  ‚Üí https://discord.gg/socks 
Snapchat ‚Üí https://bit.ly/48iD46w

----------------------------------------------------------------

Business business? or problem with copyright? 
socks@night.co

Work with me!
https://socksfor1.com",SocksStudios,23,PT17M,FALSE,690902,22653,3685,CAoQAA
9,bnmKwxjMKgs,US,2025-02-23T02:48:41Z,UCcVqCJ_9owb1zM43vqswMNQ,Kamala Harris Delivers Uplifting Message While Accepting Chairman‚Äôs Award | NAACP Image Awards '25,"Kamala Harris delivers an inspiring and uplifting message as she accepts the prestigious Chairman's Award at the NAACP Image Awards. Her powerful words highlight her ongoing commitment to equality, justice, and progress. Watch the Vice President‚Äôs unforgettable moment as she makes history once again at this celebrated event!

SUBSCRIBE to #BET! ‚ñ∫‚ñ∫ http://bit.ly/1U0v9xG

Stream Black Culture with BET+. Kick back and enjoy movies, TV series, exclusive originals and the best of Tyler Perry. Sign up for BET+ ‚ñ∫‚ñ∫ https://www.bet.plus/?xrs=BET_organic_youtube_general_description-link_US_45497

Connect with BET 
Web: http://www.BET.com
TikTok: https://www.tiktok.com/@bet
Instagram: http://www.instagram.com/BET
Facebook: http://www.facebook.com/BET
Twitter: http://www.twitter.com/BET
Snapchat: https://snapchat.com/t/5RT6vRzw
BET+: https://www.bet.plus 
https://www.instagram.com/betplus/
https://twitter.com/betplus
https://www.facebook.com/yourbetplus/
https://www.tiktok.com/@officialbetplus
Google+: http://www.bet.us/gplusBET",BETNetworks,24,PT4M33S,TRUE,216255,11415,2854,CAoQAA
0,W8x6Dwyj0-A,IN,2025-02-22T11:30:08Z,UCq-Fj5jknLsUf-MWSy4_brA,MANIAC (Official Video): YO YO HONEY SINGH | ESHA GUPTA | GLORY | BHUSHAN KUMAR,"YOU CAN FEEL THE HEAT! PRESENTING THE OFFICIAL VIDEO SONG 'MANIAC' BY YO YO HONEY SINGH, FROM THE ALBUM GLORY.

GULSHAN KUMAR & T-SERIES PRESENT
BHUSHAN KUMAR'S ""MANIAC (Official Video)""

#YOYOHONEYSINGH #MANIAC #GLORY

AUDIO CREDITS:
SINGER: YO YO HONEY SINGH
MUSIC PRODUCER: YO YO HONEY SINGH
LYRICS WRITER: LEO GREWAL
RECORDED AT MOSIQI STUDIOS AND LPME STUDIOS, DUBAI
BHOJPURI SINGER: RAGINI VISHWAKARMA
BHOJPURI WRITER: ARJUN AJANABI
BHOJPURI DUBBING CONDUCTOR AND VOCAL COACH: VINOD VERMA & MANISH J. TIPU
MUSIC LABEL - T-SERIES

VIDEO CREDITS:
CAST - YO YO HONEY SINGH & ESHA GUPTA
VIDEO CONCEPT BY - YO YO HONEY SINGH
DIRECTOR: TEJI SANDHU
DOP: SIMMON STOLLAND
EDIT : NAVRAJ 
YYHS STYLING: AKANKSHA BHAKOO
MUA: SHASIA SETHI , DANI HISWANI
ASSISTANT DIRECTOR: SOURAV DHEER
EDIT: SAMUEL MATON
COLOURIST: MISHA KIM
LINE PRODUCER: JASHAN DUBAI
VFX DIRECTOR / VFX COMPOSITOR DILPREETVFX 
3D GENERALIST SAVI KHAROUND
CHOREOGRAPHER - RAJIT DEV
STYLIST - AKANKSHA BHAKHOO
RENTAL HOUSE : ACTION FILMZ PRODUCTIONS LLC
FOCUS PULLER : AYUB 
2ND AC : VICKY 
VTO : ARFAZ
GAFFER : SHARIEF
BEST BOY GAFFER : IMRAN 
LIGHTING SPARK : SAJID + TASHU + ARIF +  BABAR + SAQLAIN
GROUND TRANSPORTATION - SHEIKHOO VEHICLES RENTAL L.L.C

TEAM YOYO - ROHIT CHHABRA, SHUBHAM GUPTA 

TEAM ESHA - DILIP KUMAR PUHAN

DIGITAL STRATEGY: RAJDEEP MAYER
DIGITAL MARKETING & PROMOTIONS: RDM MEDIA

SPECIAL THANKS TO - AHSAN WARSI, ASHISH BHUTANI, DANISH SHARIF 
JEEP CLAN - NINE SEVEN ONE, JUNAID SAYEED ,NISRINE 
MCDADY

Download Song Beat: https://bit.ly/3Cjh24R 

___________________________________
Enjoy & stay connected with us!
üëâ Subscribe to T-Series: https://youtube.com/tseries
üëâ Like us on Facebook: https://www.facebook.com/tseriesmusic
üëâ Follow us on X: https://twitter.com/tseries
üëâ Follow us on Instagram: https://instagram.com/tseries.official",T-Series,10,PT2M58S,FALSE,20362440,1284403,101381,CAoQAA
1,vxd_qkV6Ayk,IN,2025-02-23T04:30:28Z,UCvrhwpnp2DHYQ1CbXby9ypQ,Baakiyalakshmi | 24th February to 1st March 2025 - Promo,‡Æ™‡Ææ‡Æï‡Øç‡Æï‡Æø‡ÆØ‡Æ≤‡Æü‡Øç‡Æö‡ØÅ‡ÆÆ‡Æø - ‡Æ§‡Æø‡Æô‡Øç‡Æï‡Æ≥‡Øç ‡ÆÆ‡ØÅ‡Æ§‡Æ≤‡Øç ‡Æö‡Æ©‡Æø ‡Æá‡Æ∞‡Æµ‡ØÅ 8:30 ‡ÆÆ‡Æ£‡Æø‡Æï‡Øç‡Æï‡ØÅ ‡Æ®‡ÆÆ‡Øç‡ÆÆ ‡Æµ‡Æø‡Æú‡ÆØ‡Øç ‡Æü‡Æø‡Æµ‡Æø‡Æ≤.. Click here https://www.hotstar.com/in/tv/baakiyalakshmi/s-2560 to watch the show on hotstar.        #Baakiyalakshmi #VijayTV #VijayTelevision   #StarVijayTV #StarVijay #TamilTV #Bhagyalakshmi,Vijay Television,24,PT35S,FALSE,2487559,37206,312,CBQQAA
2,dKCQDjtB5UM,IN,2025-02-23T06:21:41Z,UCmAyYoNuOheCdlHnsBsRu3w,Dragon - Sneak Peek | Pradeep Ranganathan | Anupama | Kayadu Lohar | Ashwath Marimuthu | Leon James,"#Dragon #SneakPeek #Moviebuff #PradeepRanganathan #LeonJames #AshwathMarimuthu #GauthamVasudevMenon #AGS #AnupamaParameshwaran #KayaduLohar #KSRavikumar #Mysskin #VjSiddhu #HarshathKhan #DragonSneakPeek #DragonScenes #MoviebuffSneakPeek 

Watch the Official Sneak Peek of ""Dragon"", Starring Pradeep Ranganathan, Anupama Parameshwaran, Kayadu Lohar & Others, Written and Directed by Ashwath Marimuthu, Produced by Kalpathi S Aghoram, Kalpathi S Ganesh & Kalpathi S Suresh, Music Composed by Leon James.

Movie Credits : 

Album / Movie : Dragon
Starring : Pradeep Ranganathan, KS Ravi Kumar, Gautham Vasudev Menon, Mysskin, Vj Siddhu, Harshath Khan, Anupama Parameshwaran, Kayadu Lohar, Mariam George, Indhumathy Manigandan, Thenappan & Others

Written & Directed by Ashwath Marimuthu
Banner : AGS Entertainment (P) Ltd
Producers : Kalpathi S Aghoram, Kalpathi S Ganesh, Kalpathi S Suresh
Creative Producer : Archana Kalpathi
Associate Creative Producer : Aishwarya Kalpathi
Executive Producer : S.M.Venkat Manickam
Music Director : Leon James
Director of Photography : Niketh Bommi
Editor : Pradeep E Ragav
Production Designer : V. Selva Kumar
Action : Vicky & Dilip Subbarayan
Choreography : JD
Story : Ashwath Marimuthu, Pradeep Ranganathan
Screenplay and Dialogues : Ashwath Marimuthu
Costume Designers : Dinesh Manoharan & Praveen Raja
Publicity Designer : Kabilan
Sound Mix : M.R. Rajakrishnan
Sound Design : Sync Cinema
Colourist : Suresh Ravi
Co-Director : Ramesh Narayanan
Chief Associate Director: Vignesh Ravi
Associate Director : Meenakshi Sundar, Ajay Gurunathan, Vichu
Assistant Director : Prabhu Devan, Gowtham.V, Chanakkiyan.R
Stills : Aakash Balaji
Costumer : Prasad
Makeup : Kuppusamy
Production Executive : D. SaravanaKumar, Sakthivel, Veera.kumar
CG : D‚ÄôNote
DI : Mango Post
Associate Cinematographer/Gaffer : Hemanth Acharya
1ST AC/Focus : Yogeshwar Rao Kotapati
Assistant Cinematographer : Govind Rao.P, Vijay, Prasanna
Associate Editor : Selvakarthick Murugan
Assistant Editors : Venkatesh, Kavimani
Art Associates : D.Dinesh Kumar, V.Mohan
Art Assistants : Sekar, Yuvi
Production Team : Kamal Radhakrishnan,Karthik Pandian, Arthi Palanisamy
AGS Marketing Team : Sivakumar PK, Poorni Gopinath, Chinna Suresh, S Manoj, Radhika Anandan, V Shri Shivani
Creative Promotions : The Tabs, Digitally Powerful
PRO : Nikil Murukan

For Advertisements Call - 98402 91130

Website - https://www.moviebuff.com/
Linktree - https://linktr.ee/moviebuff

For more Latest Updates Connect with us on Social Media:
Facebook - https://www.facebook.com/moviebuffindia
Twitter - https://twitter.com/moviebuffindia
Instagram - https://www.instagram.com/moviebuff.india
Podcast - https://anchor.fm/moviebuffindia",Moviebuff Tamil,1,PT1M27S,FALSE,670180,15556,208,CBQQAA
3,_ELdTQ5J46o,IN,2025-02-22T17:01:08Z,UCYnMzKK6hcpnlRCxGnPwk6Q,India vs Sri Lanka | 1st Innings Highlights |  International Masters League | Colors Cineplex,"Day 1- 1st innings starts off with a face-off between India Masters and Sri Lanka Masters! Team India strikes off the 1st innings with a total of 222 runs. The crowd goes all out seeing the GOD of cricket - Sachin Tendulkar back again in action.

For more entertaining content like this Follow  & üòâ
Subscribe: www.youtube.com/@colorscineplex2024

Follow Us On
Instagram: https://www.instagram.com/colorscineplex

Facebook: https://www.facebook.com/colorscineplex

Twitter: https://www.twitter.com/Colors_Cineplex

Whataspp: https://whatsapp.com/channel/0029VaH5CAI2f3EIR4Jdic1r",Colors Cineplex,24,PT8M24S,FALSE,724249,10524,324,CBQQAA
4,guGlnfUXA4c,IN,2025-02-23T04:30:30Z,UCvrhwpnp2DHYQ1CbXby9ypQ,Pandian Stores 2 | 24th February to 1st March 2025 - Promo,‡Æ™‡Ææ‡Æ£‡Øç‡Æü‡Æø‡ÆØ‡Æ©‡Øç ‡Æ∏‡Øç‡Æü‡Øã‡Æ∞‡Øç‡Æ∏‡Øç ‡Æ§‡Æ®‡Øç‡Æ§‡Øà ‡Æö‡Øä‡Æ≤‡Øç ‡ÆÆ‡Æø‡Æï‡Øç‡Æï ‡ÆÆ‡Æ®‡Øç‡Æ§‡Æø‡Æ∞‡ÆÆ‡Øç ‡Æá‡Æ≤‡Øç‡Æ≤‡Øà - ‡Æ§‡Æø‡Æô‡Øç‡Æï‡Æ≥‡Øç ‡ÆÆ‡ØÅ‡Æ§‡Æ≤‡Øç ‡Æö‡Æ©‡Æø ‡Æá‡Æ∞‡Æµ‡ØÅ 8 ‡ÆÆ‡Æ£‡Æø‡Æï‡Øç‡Æï‡ØÅ ‡Æ®‡ÆÆ‡Øç‡ÆÆ ‡Æµ‡Æø‡Æú‡ÆØ‡Øç ‡Æü‡Æø‡Æµ‡Æø‡Æ≤.. Click here https://www.hotstar.com/in/shows/pandian-stores-2/1260000603 to watch the show on Disney+ Hotstar             #PandianStores #VijayTV #VijayTelevision #StarVijayTV #StarVijay #TamilTV,Vijay Television,24,PT40S,FALSE,2641657,46649,157,CBQQAA
5,wt7p_gCTWpY,IN,2025-02-23T14:40:52Z,UCYnMzKK6hcpnlRCxGnPwk6Q,India Vs Sri Lanka | Full Highlight | International Masters League | Colors Cineplex,,Colors Cineplex,24,PT15M41S,FALSE,149212,3825,121,CBQQAA
6,NmwWgJ5Z6fc,IN,2025-02-23T05:45:01Z,UCYUPBf8y9ggcnpBxCKZteHA,Rajkot ‡™∏‡™Æ‡´Ç‡™π ‡™≤‡™ó‡´ç‡™®‡™®‡™æ ‡™Ü‡™Ø‡´ã‡™ú‡™ï‡™®‡´Ä ‡™ó‡´á‡™∞‡™π‡™æ‡™ú‡™∞‡´Ä ‡™¨‡™æ‡™¶ ‡™∞‡™°‡™§‡´Ä ‡™ï‡™®‡´ç‡™Ø‡™æ‡™ì ‡™∂‡´Å‡™Ç ‡™¨‡´ã‡™≤‡´Ä? #shorts,"‡™¨‡´Ä‡™¨‡´Ä‡™∏‡´Ä ‡™®‡´ç‡™Ø‡´Ç‡™ù ‡™ó‡´Å‡™ú‡™∞‡™æ‡™§‡´Ä ‡™∏‡™æ‡™•‡´á ‡™µ‡´â‡™ü‡´ç‡™∏‡™ç‡™™ ‡™™‡™∞ ‡™ú‡´ã‡™°‡™æ‡™µ‡™æ ‡™≤‡™ø‡™Ç‡™ï ‡™™‡™∞ ‡™ï‡´ç‡™≤‡™ø‡™ï ‡™ï‡™∞‡´ã  https://whatsapp.com/channel/0029VaawoDgC1Fu6slfo4f0R

Privacy Notice :
https://www.bbc.com/gujarati/articles/cndd16rdx7jo

‡™§‡™Æ‡´á ‡™Ö‡™Æ‡™æ‡™∞‡´Ä ‡™∏‡™æ‡™•‡´á ‡™ú‡´ã‡™°‡™æ‡™à ‡™∂‡™ï‡´ã ‡™õ‡´ã : 
Website : https://www.bbc.com/gujarati‚Äã 
Facebook : https://bit.ly/2nRrazj‚Äã 
Instagram : https://bit.ly/2oE5W7S‚Äã 
Twitter : https://bit.ly/2oLSi2r‚Äã 
JioChat Channel : BBC Gujarati 
ShareChat : bbcnewsgujarati",BBC News Gujarati,25,PT1M5S,FALSE,109262,3081,9,CBQQAA
7,ySgmB9rQ4ks,IN,2025-02-22T20:05:58Z,UCYnMzKK6hcpnlRCxGnPwk6Q,India vs Sri Lanka | 2nd Innings Highlights |  International Masters League | Colors Cineplex,"If 1st innings took the centre stage, the 2nd innings changed the game! Thirimanne and Sangakkara's performance was no less than magic on the pitch. But with a loss of 9 wickets, team Sri Lanka Masters lost to India Masters.

For more entertaining content like this Follow  & üòâ
Subscribe: www.youtube.com/@colorscineplex2024

Follow Us On
Instagram: https://www.instagram.com/colorscineplex

Facebook: https://www.facebook.com/colorscineplex

Twitter: https://www.twitter.com/Colors_Cineplex

Whataspp: https://whatsapp.com/channel/0029VaH5CAI2f3EIR4Jdic1r",Colors Cineplex,24,PT7M30S,FALSE,318520,5384,181,CBQQAA
8,ES0-hc05Xo8,IN,2025-02-23T16:17:17Z,UC8RPTOUzbVhqmOlFbbqstJA,MANIAC : YO YO HONEY SINGH | ESHA GUPTA | GLORY | JUDWAAZ,"SUBSCRIBE! New Videos Every Day!

Shop Our Exclusive Merchandise : https://www.judwaaz.in

Connect with us on :
‚ñ∫ Subscribe : http://www.youtube.com/judwaazmusic
‚ñ∫ Follow us on Instagram: http://www.instagram.com/judwaazmusic
‚ñ∫ Follow us on Twitter: https://www.twitter.com/judwaazofficial
‚ñ∫ Like us on Facebook: https://www.facebook.com/judwaazofficial

Subscribe Judwaaz TV :  (Music Review)
https://www.youtube.com/@UC8RPTOUzbVhqmOlFbbqstJA 

Subscribe Judwaaz Worldwide : (Filmy Stuff)
https://www.youtube.com/@UCAoyjstr7FAXKw_Ta57FrPg 

Subscribe Bakwaas With Judwaaz : (Funny Stuff n Vlogs)
https://www.youtube.com/@UCAoyjstr7FAXKw_Ta57FrPg

Original Credits & Link :

https://www.youtube.com/watch?v=W8x6Dwyj0-A

#Judwaaz #YOYOHONEYSINGH #MANIAC #GLORY

AUDIO CREDITS:
SINGER: YO YO HONEY SINGH
MUSIC PRODUCER: YO YO HONEY SINGH
LYRICS WRITER: LEO GREWAL
RECORDED AT MOSIQI STUDIOS AND LPME STUDIOS, DUBAI
BHOJPURI SINGER: RAGINI VISHWAKARMA
BHOJPURI WRITER: ARJUN AJANABI
BHOJPURI DUBBING CONDUCTOR AND VOCAL COACH: VINOD VERMA & MANISH J. TIPU
MUSIC LABEL - T-SERIES

VIDEO CREDITS:
CAST - YO YO HONEY SINGH & ESHA GUPTA
VIDEO CONCEPT BY - YO YO HONEY SINGH
DIRECTOR: TEJI SANDHU
DOP: SIMMON STOLLAND
EDIT : NAVRAJ 
YYHS STYLING: AKANKSHA BHAKOO
MUA: SHASIA SETHI , DANI HISWANI
ASSISTANT DIRECTOR: SOURAV DHEER
EDIT: SAMUEL MATON
COLOURIST: MISHA KIM
LINE PRODUCER: JASHAN DUBAI
VFX DIRECTOR / VFX COMPOSITOR DILPREETVFX 
3D GENERALIST SAVI KHAROUND
CHOREOGRAPHER - RAJIT DEV
STYLIST - AKANKSHA BHAKHOO
RENTAL HOUSE : ACTION FILMZ PRODUCTIONS LLC
FOCUS PULLER : AYUB 
2ND AC : VICKY 
VTO : ARFAZ
GAFFER : SHARIEF
BEST BOY GAFFER : IMRAN 
LIGHTING SPARK : SAJID + TASHU + ARIF +  BABAR + SAQLAIN
GROUND TRANSPORTATION - SHEIKHOO VEHICLES RENTAL L.L.C

DISCLAIMER: This Following Audio/Video is Strictly meant for Promotional Purpose.We Do not Wish to make any Commercial Use of this & Intended to Showcase the Creativity Of the Artist Involved.

The original Copyright(s) is (are) Solely owned by the Companies/Original-Artist(s)/Record-label(s).All the contents are intended to Showcase the creativity of the artist involved and is strictly done for a promotional purpose.

*DISCLAIMER: As per 3rd Section of Fair use guidelines Borrowing small bits of material from an original work is more likely to be considered fair use. Copyright Disclaimer Under Section 107 of the Copyright Act 1976, allowance is made for fair use.",Judwaaz TV,23,PT13M28S,FALSE,157754,17765,1052,CBQQAA
9,_UZISC_mCgc,IN,2025-02-22T01:06:55Z,UCkI-SYGC8fxPNcp6FsX4SRQ,Nilavuku En Mel Ennadi Kobam Review - NEEK - Dhanush - Tamil Talkies,"Smiley Trips What‚Äôs App  +917502443434
Web - https://SmileyTrips.com",Tamil Talkies,24,PT5M16S,FALSE,414079,9216,488,CBQQAA
0,PBevbokXUFY,BR,2025-02-23T19:23:23Z,UCOaQsQIByJYHyETtw48l_Vw,C.O.P.A. FFüö® PR√â-LBFF üèÜ FINAL DIA 2 | LBFF üö® #freefire,"Foi dada a largada no cen√°rio de Free Fire Esports Brasil! Confira 16 times batalhando pelo t√≠tulo e premia√ß√£o da COPA FF 2025! HOJE √â FINAL!

Deu branco? Garanta seu Snickers Branco: https://ifoodbr.onelink.me/F4X4/universosnickers

Siga nossas redes sociais oficiais para ficar por dentro de tudo!
TikTok -   / ffesportsbr  

Twitter -   / ffesportsbr  

Twitch -   / ffesportsbr  

Instagram -   / ffesportsbr  

Facebook -   / ffesportsbr  

Discord -   / discord  


#COPAFF #FreeFire #Frifas",Free Fire Esports Brasil #LBFF,20,PT3H26M57S,FALSE,510471,30131,112,CAoQAA
1,Fg5cegaGN9k,BR,2025-02-22T21:45:17Z,UCVQA27rF-1I-10ArkI5xatQ,AO VIVO E COM IMAGENS | CSA X ASA - 22/02/25 - SEMIFINAL | ALAGOANO 2025 | #LIVE,"Jogo CSA x ASA ao vivo: assista √† transmiss√£o com imagem do NN Play.

E N√ÉO PERCA: Ap√≥s o jogo, tudo que rolou no jog√£o CSA x ASA ""Resumo Final"". O p√≥s-jogo da R√°dio NN e NN Play com an√°lises e informa√ß√µes!

#CSAxASA #CampeonatoAlagoano #NNPlay #NNPlaySports

#CSAxASA
#CampeonatoAlagoano
#CSA
#JogoDoCSA
#JogoDoASA
#ASA
#FutebolAoVivo

NN Play: https://www.youtube.com/NNPlayOf
NN Play Sports: https://www.youtube.com/NNPlaySportsOf

WhatsApp da NN: (82) 99639-8389

Contato Comercial: (82) 99915-4459
Departamento Comercial: comercial@radionnfm.com.br

Facebook
https://www.facebook.com/nnplayoficial

Instagram
https://www.instagram.com/nnplayoficial

#NNPlay
#NNPlaySports",NN Play,17,PT3H32M56S,FALSE,238176,11311,28,CBQQAA
2,CNr6VfGNADM,BR,2025-02-22T19:20:26Z,UCOaQsQIByJYHyETtw48l_Vw,C.O.P.A. FFüö® PR√â-LBFF üèÜ FINAL DIA 1 | LBFF üö® #freefire,"Foi dada a largada no cen√°rio de Free Fire Esports Brasil! Confira 16 times batalhando pelo t√≠tulo e premia√ß√£o da COPA FF 2025! HOJE √â FINAL!

Deu branco? Garanta seu Snickers Branco: https://ifoodbr.onelink.me/F4X4/universosnickers

Siga nossas redes sociais oficiais para ficar por dentro de tudo!
TikTok -   / ffesportsbr  

Twitter -   / ffesportsbr  

Twitch -   / ffesportsbr  

Instagram -   / ffesportsbr  

Facebook -   / ffesportsbr  

Discord -   / discord  


#COPAFF #FreeFire #Frifas",Free Fire Esports Brasil #LBFF,20,PT3H24M34S,FALSE,435764,21916,110,CBQQAA
3,ZH76IY9xOOE,BR,2025-02-22T20:29:44Z,UC_oToDrJ6uca7d1dFVBmLtg,AL-ITTIHAD X AL-HILAL | LIGA SAUDITA | AO VIVO E COM IMAGENS,"Divirta-se na Casa de Apostas: https://abre.ai/casadeapostas-yt (+18 jogue com responsabilidade)

TUDO sobre o Canal GOAT em um s√≥ lugar: https://linktr.ee/canalgoatbr

Siga o canal de Gols do Bodinho no WhatsApp: https://whatsapp.com/channel/0029VaqqM5W4tRrxZ2sUlq3C

√â dia de joga√ßo! Al-Ittihad, de Karim Benzema, recebe o todo poderoso Al-Hilal, de Marcos Leonardo, Malcom, Mitrovic e companhia. Esse duelo √© v√°lido pela 21¬™ rodada da Liga Saudita. Acompanhe esse e outros confrontos da Saudi Pro League ao vivo, com imagens e de gra√ßa na tela do Canal GOAT!

J√° se inscreveu? Ative tamb√©m as notifica√ß√µes para n√£o perder nenhum lance!

‚óè‚ñ¨‚ñ¨‚ñ¨‚ñ¨‚ñ¨‚ñ¨‚ñ¨‚ñ¨‚ñ¨‚ñ¨‚ñ¨‚ñ¨‚ñ¨‚ñ¨‚ñ¨‚ñ¨‚ñ¨‚ñ¨‚ñ¨‚ñ¨‚ñ¨‚ñ¨‚ñ¨‚ñ¨‚ñ¨‚ñ¨‚ñ¨‚ñ¨‚óè

‚ñ™Ô∏è Uma nova via de consumo esportivo. Inovador, disruptivo e GR√ÅTIS! Inscreva-se em nosso canal e siga-nos em todas as redes sociais @canalgoatbr üêê

#benzema #alhilal #alittihad",Canal GOAT,17,PT2H41M24S,FALSE,446070,10502,3,CBQQAA
4,SjA7Xdp-JM4,BR,2025-02-23T01:20:36Z,UCTEXX_X8DURs7Xz8ZSkthyw,TITULO COM GOLEADA! COLETIVA DO FILIPE LUIS AP√ìS VITORIA! MENG√ÉO DOMINA PARTIDA E GOLEIA NO MARACAN√É,"Inscreva no canal, ative o sininhoüîî e deixe seu like üëç para ficar por dentro das not√≠cias atualizadas do Flamengo.

TITULO COM GOLEADA! COLETIVA DO FILIPE LUIS AP√ìS VITORIA! MENG√ÉO DOMINA PARTIDA E GOLEIA NO MARACAN√É

#filipeluis #flamengo #cariic√£o2025  #flamengoxmarica #ninhodourubu #flazoeiro #flazoeirotv #flatv #t√©cnico #vitoria  #campeonatocarioca2024 #coletiva  #goleada

PARCERIAS: agenciasadangamer@gmail.com

flamengo ao vivo com imagem,jogo do flamengo hoje,jogo do flamengo de hoje,jogo do flamengo,jogo do flamengo ao vivo,flamengo fla tv,flamengo ao vivo,flamengo ao vivo hoje,flamengo ao vivo agora,flamengo,fla tv ao vivo agora,tv fla ao vivo,fla tv ao vivo agora online,flamengo hoje,fla tv,tv fla,fla tv +,flatv,treino flatv,campeonato brasileiro, flamengo x corinthians, filipe luis



jogo do flamengo hoje,
jogo do flamengo de hoje,
jogo do flamengo,
jogo do flamengo ao vivo,

+ pesquisados
flamengo ao vivo com imagem,
jogo do flamengo hoje,
jogo do flamengo de hoje,
jogo do flamengo,
jogo do flamengo ao vivo,


flamengo ao vivo com imagem,jogo do flamengo hoje,jogo do flamengo de hoje,jogo do flamengo,jogo do flamengo ao vivo,Flatv,fla tv,flamengo fla tv,flamengo ao vivo,flamengo ao vivo hoje,flamengo ao vivo agora,flamengo,fla tv ao vivo,fla tv ao vivo agora,tv fla ao vivo,fla tv ao vivo agora online,live fla tv ao vivo

flamengo,√∫ltimas not√≠cias do flamengo,not√≠cias do flamengo,flamengo ao vivo,jogo do flamengo ao vivo,jogo do flamengo ao vivo hoje,jogo do flamengo com imagem,jogo do flamengo

tags

flamengo ao vivo com imagem,jogo do flamengo hoje,jogo do flamengo de hoje,jogo do flamengo,jogo do flamengo ao vivo,fla tv,fla tv ao vivo,flatv agora,fla tv ao vivo agora,flamengo fla tv,flamengo,

+ pesquisados
flamengo ao vivo com imagem,
jogo do flamengo hoje,
jogo do flamengo de hoje,
jogo do flamengo,
jogo do flamengo ao vivo,

flamengo ao vivo com imagem,jogo do flamengo hoje,jogo do flamengo de hoje,jogo do flamengo,jogo do flamengo ao vivo,Flatv,fla tv,flamengo fla tv,flamengo ao vivo,flamengo ao vivo hoje,flamengo ao vivo agora,flamengo,fla tv ao vivo,fla tv ao vivo agora,tv fla ao vivo,fla tv ao vivo agora online,live fla tv ao vivo

flamengo,√∫ltimas not√≠cias do flamengo,not√≠cias do flamengo,flamengo ao vivo,jogo do flamengo ao vivo,jogo do flamengo ao vivo hoje,jogo do flamengo com imagem,jogo do flamengo

tags

flamengo ao vivo com imagem,jogo do flamengo hoje,jogo do flamengo de hoje,jogo do flamengo,jogo do flamengo ao vivo,fla tv,fla tv ao vivo,flatv agora,fla tv ao vivo agora,flamengo fla tv,flamengo,",Noticias do Flamengo,17,PT2M15S,FALSE,108833,3390,3,CBQQAA
5,TkrMZF7vDjI,BR,2025-02-22T20:00:15Z,UCXmgYIS_LiPNLFOAGaYYibQ,NAMORADA BRASILEIRA ME ENSINA A FAZER PAMONHA ü´î (NO BRASIL üáßüá∑),,Peda√ßo Africanoüá≤üáø,22,PT56M36S,FALSE,147936,17693,2263,CBQQAA
6,DS6o0N7fTXw,BR,2025-02-22T20:00:06Z,UCK9-BtouR1EilGmNC9f1NWw,(ü´ÄMELHOR DO ANOü¶ã) JOTAP√ä X GURI| FINAL | 269¬∞ BATALHA DO ANA ROSA,,BDAR - Batalha do Ana Rosa,22,PT15M5S,FALSE,68315,7004,449,CBQQAA
7,FaeaVfUnh3Y,BR,2025-02-22T12:20:58Z,UC9QiDqEEIWCQDcleo7C-w2w,Silfarley - Uma Seresta de Verdade (Completo),"Ou√ßa #UmaSerestaDeVerdade nas plataformas de m√∫sica: https://onerpm.link/umaserestadeverdade

Inscreva-se no canal e n√£o perca nenhum lan√ßamento!

Siga Silfarley nas redes sociais:

https://www.instagram.com/silfarley.oficial
https://www.facebook.com/silfarley.neres
https://www.tiktok.com/@silfarleyoficial?_t=8kVVXNKkypC&_r=1



Produzido por M&P Produ√ß√µes 

Dire√ß√£o geral : David Nunes 
Produ√ß√£o Geral : Beto / David Nunes / L√∫cio Muniz
Dire√ß√£o Musical:  Cleviton Fagundes / Leonardo Castro
Dire√ß√£o T√©cnica : L√∫cio Muniz
Dire√ß√£o Art√≠stica :  Phelps Ferraz  
Stage Designer : Osmagno Black
Light Designer -  Osmagno Black / Renan Brito (Bact√©ria) 
Aux. Light Designer - Wellington Ribeiro Nascimento assistente -- papito
T√©cnico de Luz - Yuri silva 
√Åudio e Mix - Patrick Vidal  /Leonardo Castro
Cenografia -Osmagno Black
Imprensa :  Karine Caldi/ Raffaela Vieira 
Marketing - Dayana Lima
Fotografia - Alexandre Henrique 
Identidade Visual  - Wizi Studio Criativo

Imagine Produ√ß√µes 
Dire√ß√£o de video: Andr√© Matos, Neinho Silva
Cameras: Rodrigo Souza, Pedro Mascarenhas, Matheus Moraes, Luis Antonio,
 Elias, Isaac, Junior, Iury.
Edi√ß√£o: Matheus Moraes, Pedro Mascarenhas


00:00 - Tem cerveja a√≠ ?
02:33 - La Mour - Feat Pablo
05:44 - Apostador  - Feat Pablo
08:41 - Labios de Mel 
12:47 - Pra que fingir que me ama - Feat Tayrone
15:36 - Namorado novo - Feat Tays Reis 
18:49 -  Onde est√°s - Feat Sinho Ferrary
22:52 - Pelo bem da gente 
25:26 - 18 Quilates 
28:00 - Ultimo fiel - feat Milsinho Toque Dez
30:40 - Alian√ßa no Carro 
33:21 - Frio da madrugada


#Silfarley #UmaserestadeVerdade  #seresta",Silfarley Oficial,20,PT37M9S,FALSE,142420,3344,126,CBQQAA
8,3hGNhJ9TGTU,BR,2025-02-23T00:00:19Z,UCXJGjC9RMxAQVEL1BEyqI4w,"GUIA INICIAL do NINJA TIME (JUTSUS, MISS√ïES, MAESTRIA, C√ìDIGOS e ETC...) | Roblox - GG Games","Nesse v√≠deo eu fiz um guia inicial para aqueles que v√£o iniciar sua jornada no jogo!!
#naruto #roblox

ESPERO QUE CURTAM O CANAL,N√ÉO SE ESQUE√áA DE COMPARTILHAR ELE PARA TODOS OS SEUS AMIGOS E CONHECIDOS‚ô•Ô∏è‚ô•Ô∏è‚ô•Ô∏è

GRUPO PIXEL PASS:
https://discord.gg/pixelgamepass

CANAL SECUND√ÅRIO:
https://youtu.be/nWCf70ijziQ?si=235wYUhAix0wM5mT

TIKTOK OFICIAL:
https://www.tiktok.com/@gg_gamesofc

GRUPO do DISCORD do CANAL:
https://discord.gg/huNEuV5Tde

üòéREDE SOCIAL:
„ÄãInstagram - @geandrecantan

‚ö°GRUPO DO ROBLOX:
https://www.roblox.com/groups/9462138/LojaDoGG#!/about

00:00 - INTRODU√á√ÉO
01:34 - MENU DO JOGO
01:44 - SISTEMA DE CL√É, FAMILIA e ELEMENTO
02:30 - COD√çGOS DE SPINS E ETC...
02:44 - COMO VIRAR GENIN
04:28 - COMO UPAR OS STATUS e COMO LIBERAR AS HABILIDADES
06:26 - AS MISS√îES INICIAIS
08:12 - OBRIGADO POR ASSISTIR

OBRIGADO POR TUDO‚ô•Ô∏è",GG Games,20,PT9M14S,FALSE,51236,1787,242,CBQQAA
9,7i2G750U924,BR,2025-02-23T01:35:18Z,UCB6fJZdomHX2RlGZJwjIs8g,CARNAVAL SP 2025 - UNIDOS DO PERUCHE | DESFILE OFICIAL - 22.02.2025,"Voc√™ confere agora o desfile oficial da escola de samba Unidos do Peruche, em uma homenagem especial ao Seo Carl√£o, com o enredo ‚ÄúAx√© Gri√¥! Carl√£o do Peruche, o cardeal preto do samba‚Äù.

Siga e envie o seu coment√°rio nas minhas redes sociais @ligacarnavalsp com a hashtag #ToNaLiga. 

#ligasp #ligacarnavalsp #carnavalsp2025 #desfilesoficiais #grupodeacessoII",Liga Carnaval SP - Oficial,24,PT50M7S,FALSE,39124,1096,54,CBQQAA
0,P7Ww4zPAQN4,ID,2025-02-23T22:00:13Z,UC9LQwHZoucFT94I2h6JOcjw,Highlights: Manchester City vs Liverpool | Premier League,"Watch highlights from Liverpool's away trip to face Manchester City in the Premier League.

Liverpool team: Alisson, Alexander-Arnold, Konate, Van Dijk (C), Robertson, Gravenberch, Mac Allister, Szoboszlai, Jones, Salah, Diaz.

Substitutes: Kelleher, Endo, Nunez, Chiesa, Gakpo, Elliott, Jota, Tsimikas, Quansah

Man City team: Ederson, Lewis, Khusanov, Ake, Gvardiol, Nico, De Bruyne (C), Savinho, Foden, Doku, Marmoush

Substitutes: Ortega Moreno, Dias, Kovacic, Grealish, Gundogan, Bernardo, Reis, Nunes, McAtee

üîî SUBSCRIBE for free, so you never miss a video or live stream! https://www.youtube.com/subscription_center?add_user=LiverpoolFC
üì∫ Watch even more from the Reds with a YouTube Channel Membership, including LFC emojis, extra uploads and LIVE academy games: https://www.youtube.com/LiverpoolFC/join
üõçÔ∏è Shop LFC - Get your 2024/25 kits and much more! https://lfc.tv/3YTiEyj
Liverpool FC - YouTube
Get closer to the Reds than anyone else! Well, you're in the right place with new and exclusive uploads bringing you closer to the Reds, every week.",Liverpool FC,17,PT2M,FALSE,1130233,27777,1029,CAoQAA
1,k6cKR5Kmzf8,ID,2025-02-23T08:48:22Z,UC8rHUssNDJ9YEjfduAqJBmw,JAUH2 KE MAGETAN DEMI MAKAN BEKICOT MAGETAN!!,"SETU Sate Gule
Tawang, Driyorejo, Kec. Nguntoronadi, Kabupaten Magetan, Jawa Timur 63383


Bekicot Magetan
Jl. Raya Sarangan, Wotan, Widorokandang, Kec. Sidorejo, Kabupaten Magetan, Jawa Timur 63352",tanboy kun,24,PT21M24S,FALSE,921837,20593,2709,CBQQAA
2,fI-2FSGvKHo,ID,2025-02-23T02:30:53Z,UCl2y8_wNtI7N13fOinesLMA,"Kiky Saputri Melahirkan dan Launching Baby ""K""","Terimakasih atas support dan doa dari teman teman semua 

Jangan lupa Subscribe nya ya : https://bit.ly/SubsKikySaputri

Instagram : https://www.instagram.com/kikysaputrii",Kiky Saputri Official,24,PT13M53S,FALSE,289114,7042,571,CBQQAA
3,LJPexiTtac4,ID,2025-02-22T22:28:39Z,UCEg25rdRZXg32iwai6N6l0w,Ipswich Town 1-4 Tottenham Hotspur | Premier League Highlights | Brennan Johnson at the double!,"Watch highlights from Spurs' 4-1 win against Ipswich Town in the Premier League.

SUBSCRIBE to ensure you don‚Äôt miss a video from the Spurs YouTube channel. Hit the bell to get notifications on our latest uploads! ‚ñ∫ Subscribe: https://www.youtube.com/channel/UCEg25rdRZXg32iwai6N6l0w?sub_confirmation=1 

FOLLOW US!
Instagram: https://www.instagram.com/spursofficial/
Twitch: https://www.twitch.tv/tottenhamhotspur/
TikTok: https://www.tiktok.com/@spursofficial
Twitter: https://twitter.com/SpursOfficial
Facebook: https://www.facebook.com/TottenhamHotspur/

Download the Spurs App: https://www.tottenhamhotspur.com/spurs-official-app/",Tottenham Hotspur,17,PT2M14S,FALSE,661064,12555,368,CBQQAA
4,HUmno1WwBSY,ID,2025-02-22T10:00:18Z,UCplJmnOkqH9tisNhkF6hWEA,LOVE ACADEMY EPS 2,"‚ö†Ô∏èLINK MERCHANDISE OFFICIAL SPTRAKORI‚ö†Ô∏è
https://id.shp.ee/oQgG3M9

‚ö†Ô∏èLINK YOUTUBE BARU KORI‚ö†Ô∏è
https://youtube.com/@HorrorModeOn?si=eQ4ke8DjCZp7w_Kl

HEYYY!! Finally akhirnya lu nemuin gue di Youtube xixixiüòô
Gimana videonya? Seru ga? Suka gaa?
Kalo mau liat video kayak gini setiap hari, jangan lupa subscribe dulu karena... SUBSCRIBE ITU GRATISSSSSü§™ 

Kalian juga bisa request atau kasi kritik & saran lewat sini‚¨áÔ∏è
WhatsApp : 087-779-431-915 (mimin)
E-mail berikut : requestkori@gmail.com

EH YA!! BIAR MAKIN AKRAB FOLLOW DULU YUK!!ü•µ
Instagram 1 : @sptrakori
(https://instagram.com/sptrakori_?igsh...)

Instagram 2 : @koriwan
(https://instagram.com/koriwan_?igshid...)

Tiktok1: @sptrakori
(https://vt.tiktok.com/ZSV1XDAv/)

Untuk Informasi Collab/Endorse/PP/Tap-in Youtube :
Manager : 0812 4229 6712 (eja)",Sptrakori_Official,22,PT23M48S,FALSE,1992612,130826,15015,CBQQAA
5,#NAME?,ID,2025-02-22T10:00:00Z,UCaTnE9YXQ-re5774VD_ck3A,"UNBOXING 3 MAINAN RANDOM EPS.23! üò≥ | MAIN PENSIL AJAIB, DRONE, SAMPE PANXER EILIK! üî•","Di video ini gue bakal unboxing & review 3 MAINAN SEKALIGUS yang gue beli secara random. Mulai dari Pictionary Air 2, Drone Cruzer yang punya HD kamera, sampe Panxer-nya robot Eilik! Kira2 mainan mana kah yang paling seru dari ke-3 mainan yang udah gue kurasi ini? Saksikan hanya di channel review mainan terbaik abad ini, LESGOOOOW!
- MR

Coba Odoo gratis di sini:
https://www.odoo.com/r/L9rf

Beli Panxer Eilik:
https://store.energizelab.com/products/panxer?utm_source=official.website&utm_medium=official_website_bottom&utm_campaign=official_website_bottom_panxer&utm_id=official.website.bottom&utm_term=AI%2BRobot&utm_content=official.website+panxer+bottom

Beli merch Medy Renaldy:
https://tokopedia.link/bXgtUfTRBMb

Instagram Medy: http://instagram.com/medyrenaldy/

Mainan bekas gue review biasa dijual disini:
https://invol.co/cl3h15c

Link beli mainan yang lain
https://linktr.ee/medyrenaldy

Business Inquiries:
inq.medyrenaldy@gmail.com",Medy Renaldy,24,PT28M12S,TRUE,650949,14900,2480,CBQQAA
6,m0cuhV4JFpQ,ID,2025-02-20T10:22:14Z,UCplJmnOkqH9tisNhkF6hWEA,LOVE ACADEMY EPS 1 - Ada apa dengan Vernan?,"Download Genshin Impact 5.4 sekarang juga : https://hoyo.link/HbsbS9jNt 
Jangan lupa buat masukin kode redeem F16CDD5VWSCS buat dapetin 60*primogems & 5*adventurer's experience üí´
#GenshinImpact
#YumemizukiMizuki

‚ö†Ô∏èLINK MERCHANDISE OFFICIAL SPTRAKORI‚ö†Ô∏è
https://id.shp.ee/oQgG3M9

‚ö†Ô∏èLINK YOUTUBE BARU KORI‚ö†Ô∏è
https://youtube.com/@HorrorModeOn?si=eQ4ke8DjCZp7w_Kl

HEYYY!! Finally akhirnya lu nemuin gue di Youtube xixixiüòô
Gimana videonya? Seru ga? Suka gaa?
Kalo mau liat video kayak gini setiap hari, jangan lupa subscribe dulu karena... SUBSCRIBE ITU GRATISSSSSü§™ 

Kalian juga bisa request atau kasi kritik & saran lewat sini‚¨áÔ∏è
WhatsApp : 087-779-431-915 (mimin)
E-mail berikut : requestkori@gmail.com

EH YA!! BIAR MAKIN AKRAB FOLLOW DULU YUK!!ü•µ
Instagram 1 : @sptrakori
(https://instagram.com/sptrakori_?igsh...)

Instagram 2 : @koriwan
(https://instagram.com/koriwan_?igshid...)

Tiktok1: @sptrakori
(https://vt.tiktok.com/ZSV1XDAv/)

Untuk Informasi Collab/Endorse/PP/Tap-in Youtube :
Manager : 0812 4229 6712 (eja)",Sptrakori_Official,22,PT29M50S,FALSE,3511642,228993,38965,CBQQAA
7,37AgT9VnTNI,ID,2025-02-22T05:15:00Z,UC-k9YuHccYMQJ4BgMKWuYEQ,Mengumpulkan Ribuan Mob Minecraft !!!,"di dalam video ini kalian bisa melihat sebuah mall, dan hari ini gw bakal ngundang semua mob yang ada di minecraft buat datang ke mall ini. reman dan para villager mencari satu persatu mob yang ada di minecraft, seperti biasanya hal yang aneh dan dan absurd selalu terjadi pada setiap mob, apakah mereka menemukan rintangan di video kali ini? TONTON SAMPAI HABISS

ohiya untuk video mall selanjutnya 20K LIKE!!!

disclaimer : 
penggunaan nama dalam video ini digunakan untuk tujuan hiburan dan tidak memiliki afiliasi ke pihak manapun, termasuk nama nama seperti gugel, hanya parodi

Inspired By : GroxMC & NotSafe 

*** All Medsos (Selain Ini Fake) :
Tiktok : Reman (@remanrhn)
Instagram : Reman (@remanrhn)
Facebook : https://www.facebook.com/profile.php?id=61557479442862

*** source

Music :
Rain at night
Big Drumming - audio collection youtube
Music track: Mood by Soyb
Source: https://freetouse.com/music",RemanRHN,20,PT8M5S,FALSE,262930,14580,890,CBQQAA
8,TOkdCYQyYBs,ID,2025-02-22T22:00:18Z,UCCNOsmurvpEit9paBOzWtUg,Brilliant Bowen In Away Win | Arsenal v West Ham | Premier League Highlights,"Watch highlights of West Ham's game against Arsenal.

‚ñ∫ Subscribe: http://bit.ly/1QALxTA
‚ñ∫ Follow us on TikTok: https://www.tiktok.com/@westham?lang=en
‚ñ∫ Follow us on Instagram: https://instagram.com/westham
‚ñ∫ Follow us on Twitter: http://www.Twitter.com/westham
‚ñ∫ Like us on Facebook: http://www.facebook.com/westham
‚ñ∫ Visit our official website: http://www.whufc.com
‚ñ∫ Buy tickets: http://www.whufc.com/Tickets/Match-Tickets
‚ñ∫ Iron Cast: https://podfollow.com/1686602879/view",West Ham United FC,17,PT2M8S,FALSE,334464,3751,200,CBQQAA
9,v_CEjYCI-b8,ID,2025-02-22T02:55:00Z,UCM3SMB1jINy_NxH1O01z5gA,Kelly Show S6E1 | Free Fire Official Update,"Apa Kabar Survivors!

Kelly Show kembali hadir dengan berbagai update menarik yang bisa kamu coba! Temukan sistem Device baru hingga serunya perubahan skill karakter Ignis!

Ayo berangkat!

xoxo,
Kelly",Garena Free Fire Indonesia,20,PT3M51S,FALSE,1032757,7806,1204,CBQQAA
0,SD2UiX1jpd8,MX,2025-02-22T16:00:06Z,UCooVYzDxdwTtGYAkcPmOgOw,IS THIS THE BEST BRAWLER EVER?!,"IMPROVED REWARDS FOR F2P, A FULL RANKED REWORK, TWO NEW BRAWLERS, GADGET CHANGES, AND MORE!
YOUTOOZ PRE-ORDER: https://youtooz.com/collections/brawl-stars
FREE SPRAY: https://link.brawlstars.com/?action=voucher&code=974a1b0f-b2f7-45c5-978e-bdade83062a1

Download NOW!! ‚ñ∫‚ñ∫ https://supr.cl/2K62CZG
Subscribe!! ‚ñ∫‚ñ∫ https://supr.cl/subscribe
#brawlstars #brawltalk #update",Brawl Stars,20,PT10M9S,TRUE,11496038,470396,47837,CAoQAA
1,v4mq72NKllY,MX,2025-02-21T02:29:36Z,UCuOfAZNaaCkVkkXaJu2ny_Q,Con profunda tristeza despedimos a nuestro querido Daniel Bisogno. ¬°Descanse en paz! üïä,"Con la m√°s profunda tristeza lamentamos informar una noticia que nunca hubi√©ramos querido dar: Nuestro querido Daniel Bisogno acaba de fallecer a causa de las complicaciones que le sobrevinieron luego del trasplante de h√≠gado al que fue sometido en septiembre pasado. ‚ÄúVentaneando‚Äù est√° de luto. Se fue uno de nuestros miembros m√°s destacados. Descanse en paz. Honraremos su recuerdo siempre.

Conoce los detalles üëá
https://www.tvazteca.com/aztecauno/daniel-bisogno-murio-hoy-20-febrero-2025?utm_source=YouTube&utm_medium=Social&utm_campaign=AztecaUNO&utm_content=Article

Ve m√°s contenido de Ventaneando
‚ñ∂Ô∏èhttps://youtube.com/playlist?list=PLuw65g3hpvv1l8VnX2FfbGJHnGHWgcUFS
‚ñ∂Ô∏èhttps://youtube.com/playlist?list=PLuw65g3hpvv34kp6WzEyhS9vdB9rRDnZT
‚ñ∂Ô∏èhttps://youtube.com/playlist?list=PLuw65g3hpvv2k9u9mcSld-mbyjx7hs-Il

¬°Suscr√≠bete a nuestro canal y mantente al pendiente de las noticias m√°s importantes! üì∞
 
üíüS√≠guenos en:
TikTok: https://www.tiktok.com/@ventaneandouno
Instagram: https://www.instagram.com/ventaneandouno/
X: https://twitter.com/VentaneandoUno
Facebook: https://www.facebook.com/VentaneandoOficial/

#QEPDDanielBisogno #danielbisogno #ventaneando #daniel #bisogno #tendencias #fallece #memoria #homenaje #noticias #brakingnews #noticiasenespa√±ol #noticiasdehoy #noticiasenvivo",Ventaneando,24,PT21S,FALSE,912263,11839,2203,CBQQAA
2,5438IAxrIN4,MX,2025-02-23T03:35:13Z,UCSZbXT5TLLW_i-5W8FZpFsg,Inter Miami vs. New York City FC | Full Match Highlights | Miami Home Opener!,"üì∫ Watch every match with MLS Season Pass on Apple TV: http://apple.co/MLS

The üêê plays here: https://www.mlssoccer.com/messi/

‚û°Ô∏è Subscribe Now: https://www.youtube.com/c/mls

‚û°Ô∏è Follow us on:
- TikTok: https://www.tiktok.com/@mls?lang=en
- Instagram: http://instagram.com/mls
- Twitter: https://twitter.com/MLS
- Like us on Facebook: http://www.facebook.com/MLS

‚û°Ô∏è Para Espa√±ol:
- Instagram: http://instagram.com/mlses
- Twitter: https://twitter.com/MLSes
- Facebook: facebook.com/espanol.mls

For more information about MLS, go to the league's official website: http://www.MLSsoccer.com, en espa√±ol http://www.MLSes.com

#mls #highlights #intermiami #newyorkcityfc",Major League Soccer,17,PT7M9S,FALSE,822607,19979,1633,CBQQAA
3,faxCX4SvPLc,MX,2025-02-21T17:05:25Z,UCJPd6seu4JK4PZjVVTWb0QA,Andrea Escalona y conductores de Hoy lamentan la muerte de Daniel Bisogno (Q.E.P.D.) | Hoy,"Tania Rinc√≥n, Ra√∫l Araiza y Arath de la Torre recordaron al comunicador, con quien tuvieron la oportunidad de trabajar.

#ProgramaHoy #Hoy #MarianaOchoa #AndreaEscalona #DanielBisogno #Ra√∫lAraiza

Sitio Oficial: https://bit.ly/ProgramaHoy

Facebook: http://on.fb.me/1j0HjIJ
X: http://bit.ly/1fXEHbB
Instagram: https://bit.ly/2Vv2b2A
Tik Tok: @programa_hoy

Mira aqu√≠ el contenido exclusivo que tenemos para ti: https://bit.ly/ProgramaHoy
Comienza tus d√≠as de buen humor con todo lo que Galilea Montijo, Andrea Legarreta y Ra√∫l Araiza tienen para ti. ¬°Acomp√°√±anos de lunes a viernes a las 9 de la ma√±ana por #LasEstrellas! Y recuerda que...#HoyLoHacesT√∫",Hoy,24,PT3M31S,TRUE,433206,5219,465,CBQQAA
4,LOhe3NOke5s,MX,2025-02-21T05:00:07Z,UC2a98faJ-hicyUR15M81pKg,Alfredo Olivas - De Sobremanera,"Suscr√≠bete a mi canal oficial de Youtube: https://www.youtube.com/channel/UC1bZ17RdXYpjsgDKWxaYCYA

S√≠gueme en tu plataforma preferida: 
Spotify: https://open.spotify.com/artist/5xYNmNkaWRqu3e5F4UXME8?si=ZIHd1bIXQf6-GL8ATavgWQ&dl_branch=1
Apple Music: https://music.apple.com/mx/artist/alfredo-olivas/384951365
Claro M√∫sica: https://www.claromusica.com/artist/215628/MX
Amazon Music: https://music.amazon.com.mx/artists/B003XSYGMY/alfredo-olivas
Deezer: https://www.deezer.com/es/artist/1530943 

Escucha De Sobremanera en tu plataforma preferida: https://fonovisa.lnk.to/DeSobremanera

S√≠gueme en mis redes sociales:
Instagram: https://www.instagram.com/alfredoolivasofficial/?hl=es-la
Facebook: https://www.facebook.com/AlfredoOlivasMusica
TikTok: https://www.tiktok.com/@alfredoolivasofficial_?

Merch: https://www.instagram.com/alfredoolivasstore/

M√°s videos aqu√≠: https://www.youtube.com/watch?v=CAueV_tP2Z8

#AlfredoOlivas #desobremanera #v1v0",AlfredoOlivasVEVO,10,PT3M39S,FALSE,397933,17381,673,CBQQAA
5,ZW7M6bLxXdU,MX,2025-02-22T16:46:09Z,UCZs0WwC0Dn_noiQE2BHSTKg,24 HORAS EN PISCINA LLENA DE PELOTAS !!,"llenamos la piscina de pelotas y pasamos 24 horas üí¶
üü¢ üü° üü† üî¥ üü§ üü£ üîµ üòÇ

Tiktok: https://tiktok.com/@alejoigoa
Instagram: http://instagram.com/alejoigoa
Twitter: https://twitter.com/alejoigoa
Contacto: contacto@alejoigoa.com

con asbel y los chicos :D",Alejo Igoa,24,PT15M43S,FALSE,3061386,83579,5916,CBQQAA
6,QX6HsMTifDY,MX,2025-02-21T03:03:36Z,UC7k--FhnJzhPTrbtldMSoQQ,M√≥nica Casta√±eda despide con mucho dolor a Daniel Bisogno,"A lo largo de muchos a√±os, M√≥nica Casta√±eda y Daniel Bisogno compartieron momentos inolvidables, aqu√≠ un recuento de lo m√°s importante para M√≥nica. 

¬øNo quieres perderte de nada? Suscr√≠bete https://bit.ly/3qr0d27¬†
Esc√∫chanos en www.adn40.mx/adn40-radio¬†

S√≠guenos en todas nuestras redes:¬†
Facebook Ô∏è‚û°Ô∏è https://www.facebook.com/ADN40mx¬†
X ‚û°Ô∏è https://x.com/adn40
Instagram Ô∏è‚û°Ô∏è https://www.instagram.com/adn40mx¬†
TikTok Ô∏è‚û°Ô∏è https://www.tiktok.com/@adn40mx¬†
Spotify ‚û°Ô∏è https://spoti.fi/37IaOzA¬†

Toda la informaci√≥n Ô∏è‚û°Ô∏è https://www.adn40.mx/¬†
No te pierdas la transmisi√≥n de noticias adn40 en vivo ‚û°Ô∏è https://www.youtube.com/watch?v=_No4YKXjsF4

üî∂Mientras otros quieren que los veas, nosotros ponemos la mirada en ti. #adn40 las noticias que van #SiempreConmigo üì∞",adn40Mx,25,PT29M41S,FALSE,1335792,9705,1609,CBQQAA
7,eWAdpUyzCkI,MX,2025-02-21T05:00:40Z,UCN9_L9lA9kqJbGANLRus_1A,"JENNIE, Doechii - ExtraL (Official Video)","Official music video for ‚ÄúExtraL‚Äù by JENNIE & Doechii out now: https://jennie.lnk.to/extral

‚ÄòRuby‚Äô Album Pre-Order Now: https://jennie.lnk.to/ruby
Out March 7th

Directed by Cole Bennett
Produced by Lyrical Lemonade

Follow JENNIE -
Instagram: https://www.instagram.com/jennierubyjane
TikTok: https://www.tiktok.com/@jennierubyjane
Twitter: https://twitter.com/jennierubyjane
https://jenn.ie

Follow Doechii -
Instagram: https://www.instagram.com/doechii/
TikTok: https://www.tiktok.com/@iamdoechii_
Twitter: https://twitter.com/officialdoechii

#JENNIE #Doechii #ExtraL",JennieRubyJaneVEVO,10,PT3M41S,TRUE,13005060,1329928,72996,CBQQAA
8,LFy4BL_FeuQ,MX,2025-02-21T05:00:27Z,UCgT01FILdWB9BsXBXKjpQ7A,"Don Toliver, Speedy - LV Bag (feat. j-hope from BTS & Pharrell Williams) [Official Audio]","Don Toliver, Speedy - LV Bag (feat. j-hope from BTS & Pharrell Williams)  
""LV Bag"" OUT NOW! üëú
STREAM/DL HERE: https://DonToliver.lnk.to/LVBAGID 

Subscribe to Don‚Äôs YouTube channel: https://dontoliver.lnk.to/YTSubscribe

Follow Don Toliver
https://www.instagram.com/dontoliver
https://www.tiktok.com/@dontolivermusic
https://twitter.com/dontoliver
https://soundcloud.com/dontoliver
https://www.facebook.com/DonToliver/

#DonToliver #LVBag #jhope #PharrellWilliams #OfficialAudio",Don Toliver,10,PT3M3S,FALSE,999484,146079,15150,CBQQAA
9,gjVV56BNvwY,MX,2025-02-20T22:00:07Z,UC9qS1YmkMWiYrAARW5LE2KQ,"El Malilla, Joss ML, Omarcito Glock, Zalo la Z, Enayy - XQTECE? | La Esquina Session #1","Escucha ""XQTECE? "" en tu plataforma favorita:  https://laesquinainc.lnk.to/XQTECE 

Lyrics:
Porqu√©  tu estas con el, queriendo estar conmigo
Beb√© d√©jalo que si tu me sigues yo te sigo,
Porqu√©  tu estas con el, queriendo estar conmigo
Beb√© d√©jalo que si tu me sigues yo te sigo,

Te llamo y no me contestas, mami voy a buscarte
Hoy vamos para el cinco letras, esto es pa' 
Desnudarte, ese bobo no te completa
Voy a pasar por ti a las dos, dime real g en la jeepeta

Mami ven que te hago el culo y las tetas, 
Que tu wey no se entere, baby no le digas cuando yo 
te lo meta, yo tu Romeo y tu mi Julieta 
Baby te extra√±o, los d√≠as sin tu calor, a mi me est√°n haciendo da√±o
Todav√≠a guardo las prendas, que dejaste en mi armario 
Esto es real g forevah, por m√°s que pasen los a√±os .

Omarcito Glock 

En mi cabeza, sigues dando vueltas, tu ya no lo quieres 
Baby dame una respuesta, juegas con mi coraz√≥n y tu no te das cuenta, yo se que me piensas, cada que te acuestas
No se si te acuerdas ma' lo rico que era chingar,
No te importaba el lugar, pero no supiste amar,
No se si te acuerdas ma' lo rico que era chingar,
No te importaba el lugar, pero no supiste amar.

M-A-L-I
Porqu√© tu estas con el, queriendo estar conmigo ,
Beb√© d√©jalo a el, que si me sigues yo te sigo,
Porqu√© tu estas con el, queriendo estar conmigo ,
Beb√© d√©jalo que si me sigues yo te sigo,

Yo se que me extra√±as,como te extra√±o,
Dime ahora con quien los cristales empa√±o,
A√∫n tengo lo recuerdos chingando en el ba√±o,
No verte en mi cama mami se siente extra√±o,
Te estoy buscando, desde que. te fuiste, dime que est√° pasando
Porqu√© ya no volviste,
Te estoy buscando, desde que. te fuiste, dime que est√° pasando
Porqu√© ya no volviste,

Brrrr (tu maleante beb√©)
Te sigo pensando y buscandote, En la cama de otra
Extra√±√°ndote, dime cuando es que te vuelva a ver 
Que me tienes enviciado de tu piel,
Que no haya testigos, si no somos amigos, 
Y cuando cae la noche te quito el panticito 
Mamita, me tienes, mi mente en un l√≠o, 
Y yo no sigo contigo, pero sabes que eso es m√≠o 

Porqu√© tu estas con el, queriendo estar conmigo ,
Beb√© d√©jalo a el, que si me sigues yo te sigo,
Porqu√© tu estas con el, queriendo estar conmigo ,
Beb√© d√©jalo que si tu me sigues yo te sigo,


#ElMalilla #ElChamakoDeValle #laesquinainc",ElMalillaTv,10,PT3M58S,FALSE,260028,15375,1463,CBQQAA
